Data_Type,Energy_Variable,Energy_Value_MeV,Cross_Section_mb,Error_mb,Reference,Status
Fit/Grid,PLAB,0.000,1.539,0.000,SAID WI08 Fit,Included
Fit/Grid,PLAB,100.000,5.538,0.000,SAID WI08 Fit,Included
Fit/Grid,PLAB,200.000,62.750,0.000,SAID WI08 Fit,Included
Fit/Grid,PLAB,300.000,194.600,0.000,SAID WI08 Fit,Included
Fit/Grid,PLAB,400.000,73.860,0.000,SAID WI08 Fit,Included
Fit/Grid,PLAB,500.000,33.990,0.000,SAID WI08 Fit,Included
Fit/Grid,PLAB,600.000,20.630,0.000,SAID WI08 Fit,Included
Fit/Grid,PLAB,700.000,16.070,0.000,SAID WI08 Fit,Included
Fit/Grid,PLAB,800.000,16.240,0.000,SAID WI08 Fit,Included
Fit/Grid,PLAB,900.000,21.440,0.000,SAID WI08 Fit,Included
Fit/Grid,PLAB,1000.000,24.520,0.000,SAID WI08 Fit,Included
Fit/Grid,PLAB,1100.000,26.160,0.000,SAID WI08 Fit,Included
Fit/Grid,PLAB,1200.000,29.910,0.000,SAID WI08 Fit,Included
Fit/Grid,PLAB,1300.000,36.090,0.000,SAID WI08 Fit,Included
Fit/Grid,PLAB,1400.000,40.840,0.000,SAID WI08 Fit,Included
Fit/Grid,PLAB,1500.000,39.800,0.000,SAID WI08 Fit,Included
Fit/Grid,PLAB,1600.000,35.760,0.000,SAID WI08 Fit,Included
Fit/Grid,PLAB,1700.000,32.390,0.000,SAID WI08 Fit,Included
Fit/Grid,PLAB,1800.000,30.310,0.000,SAID WI08 Fit,Included
Fit/Grid,PLAB,1900.000,29.220,0.000,SAID WI08 Fit,Included
Fit/Grid,PLAB,2000.000,28.780,0.000,SAID WI08 Fit,Included
Fit/Grid,PLAB,2100.000,28.770,0.000,SAID WI08 Fit,Included
Fit/Grid,PLAB,2200.000,29.040,0.000,SAID WI08 Fit,Included
Fit/Grid,PLAB,2300.000,29.480,0.000,SAID WI08 Fit,Included
Fit/Grid,PLAB,2400.000,30.000,0.000,SAID WI08 Fit,Included
Fit/Grid,PLAB,2500.000,30.530,0.000,SAID WI08 Fit,Included
Fit/Grid,PLAB,2600.000,31.050,0.000,SAID WI08 Fit,Included
Fit/Grid,PLAB,2700.000,31.570,0.000,SAID WI08 Fit,Included
Fit/Grid,PLAB,2800.000,32.110,0.000,SAID WI08 Fit,Included
Fit/Grid,PLAB,2900.000,32.690,0.000,SAID WI08 Fit,Included
Fit/Grid,PLAB,3000.000,33.300,0.000,SAID WI08 Fit,Included
Fit/Grid,PLAB,3100.000,33.940,0.000,SAID WI08 Fit,Included
Fit/Grid,PLAB,3200.000,34.560,0.000,SAID WI08 Fit,Included
Fit/Grid,PLAB,3300.000,35.140,0.000,SAID WI08 Fit,Included
Fit/Grid,PLAB,3400.000,35.670,0.000,SAID WI08 Fit,Included
Fit/Grid,PLAB,3500.000,36.130,0.000,SAID WI08 Fit,Included
Fit/Grid,PLAB,3600.000,36.520,0.000,SAID WI08 Fit,Included
Fit/Grid,PLAB,3700.000,36.850,0.000,SAID WI08 Fit,Included
Fit/Grid,PLAB,3800.000,37.120,0.000,SAID WI08 Fit,Included
Fit/Grid,PLAB,3900.000,37.320,0.000,SAID WI08 Fit,Included
Fit/Grid,PLAB,4000.000,37.470,0.000,SAID WI08 Fit,Included
Fit/Grid,PLAB,4100.000,37.580,0.000,SAID WI08 Fit,Included
Fit/Grid,PLAB,4200.000,37.640,0.000,SAID WI08 Fit,Included
Fit/Grid,PLAB,4300.000,37.660,0.000,SAID WI08 Fit,Included
Fit/Grid,PLAB,4400.000,37.650,0.000,SAID WI08 Fit,Included
Fit/Grid,PLAB,4500.000,37.610,0.000,SAID WI08 Fit,Included
Fit/Grid,PLAB,4600.000,37.550,0.000,SAID WI08 Fit,Included
Fit/Grid,PLAB,4700.000,37.480,0.000,SAID WI08 Fit,Included
Fit/Grid,PLAB,4800.000,37.390,0.000,SAID WI08 Fit,Included
Fit/Grid,PLAB,4900.000,37.300,0.000,SAID WI08 Fit,Included
Fit/Grid,PLAB,5000.000,37.200,0.000,SAID WI08 Fit,Included
Fit/Grid,PLAB,5100.000,37.100,0.000,SAID WI08 Fit,Included
Fit/Grid,PLAB,5200.000,37.000,0.000,SAID WI08 Fit,Included
Fit/Grid,PLAB,5300.000,36.900,0.000,SAID WI08 Fit,Included
Fit/Grid,PLAB,5400.000,36.800,0.000,SAID WI08 Fit,Included
Fit/Grid,PLAB,5500.000,36.710,0.000,SAID WI08 Fit,Included
Fit/Grid,PLAB,5600.000,36.630,0.000,SAID WI08 Fit,Included
Fit/Grid,PLAB,5700.000,36.550,0.000,SAID WI08 Fit,Included
Fit/Grid,PLAB,5800.000,36.480,0.000,SAID WI08 Fit,Included
Fit/Grid,PLAB,5900.000,36.420,0.000,SAID WI08 Fit,Included
Fit/Grid,PLAB,6000.000,36.370,0.000,SAID WI08 Fit,Included
Experimental,T,71.600,26.090,-0.620,"CARTER, NPB26, 445(71), PC BUGG",Deleted from Analyses (11/08/00)
Experimental,T,72.500,25.300,2.200,"PEDRONI, NPA300, 321(78) 04/29/8",Included
Experimental,T,84.800,37.300,1.000,"PEDRONI, NPA300, 321(78) 04/29/8",Included
Experimental,T,95.100,50.300,1.800,"PEDRONI, NPA300, 321(78) 04/29/8",Included
Experimental,T,96.900,52.800,2.600,"PEDRONI, NPA300, 321(78) 04/29/8",Included
Experimental,T,97.400,54.680,0.660,"CARTER, NPB26, 445(71), PC BUGG",Included
Experimental,T,107.900,71.400,1.300,"PEDRONI, NPA300, 321(78) 04/29/8",Included
Experimental,T,109.700,75.200,1.800,"PEDRONI, NPA300, 321(78) 04/29/8",Included
Experimental,T,118.900,96.250,1.250,"CARTER, NPB26, 445(71), PC BUGG",Included
Experimental,T,120.400,101.040,1.530,"CARTER, NPB26, 445(71), PC BUGG",Included
Experimental,T,121.000,97.600,2.100,"PEDRONI, NPA300, 321(78) 04/29/8",Included
Experimental,T,122.600,103.700,1.900,"PEDRONI, NPA300, 321(78) 04/29/8",Included
Experimental,T,134.400,131.200,1.700,"PEDRONI, NPA300, 321(78) 04/29/8",Included
Experimental,T,136.000,139.600,2.100,"PEDRONI, NPA300, 321(78) 04/29/8",Included
Experimental,T,136.000,141.190,1.420,"CARTER, NPB26, 445(71), PC BUGG",Included
Experimental,T,138.700,148.600,1.420,"CARTER, NPB26, 445(71), PC BUGG",Included
Experimental,T,147.800,167.700,1.200,"PEDRONI, NPA300, 321(78) 04/29/8",Included
Experimental,T,149.400,173.200,1.500,"PEDRONI, NPA300, 321(78) 04/29/8",Included
Experimental,T,155.800,189.660,1.180,"CARTER, NPB26, 445(71), PC BUGG",Included
Experimental,T,161.100,192.000,3.100,"PEDRONI, NPA300, 321(78) 04/29/8",Included
Experimental,T,161.200,198.380,1.090,"CARTER, NPB26, 445(71), PC BUGG",Included
Experimental,T,162.700,198.300,1.700,"PEDRONI, NPA300, 321(78) 04/29/8",Included
Experimental,T,168.000,204.240,0.850,"CARTER, NPB26, 445(71), PC BUGG",Included
Experimental,T,169.400,204.300,1.500,"PEDRONI, NPA300, 321(78) 04/29/8",Included
Experimental,T,174.500,203.700,3.300,"PEDRONI, NPA300, 321(78) 04/29/8",Included
Experimental,T,175.900,204.700,1.600,"PEDRONI, NPA300, 321(78) 04/29/8",Included
Experimental,T,182.500,202.910,1.030,"CARTER, NPB26, 445(71), PC BUGG",Included
Experimental,T,182.900,203.100,1.300,"PEDRONI, NPA300, 321(78) 04/29/8",Included
Experimental,T,188.100,194.200,1.500,"PEDRONI, NPA300, 321(78) 04/29/8",Included
Experimental,T,189.700,194.300,1.500,"PEDRONI, NPA300, 321(78) 04/29/8",Included
Experimental,T,196.500,188.300,1.200,"PEDRONI, NPA300, 321(78) 04/29/8",Included
Experimental,T,201.700,178.300,1.500,"PEDRONI, NPA300, 321(78) 04/29/8",Included
Experimental,T,203.300,174.700,1.400,"PEDRONI, NPA300, 321(78) 04/29/8",Included
Experimental,T,205.300,173.460,1.270,"CARTER, NPB26, 445(71), PC BUGG",Included
Experimental,T,215.700,156.800,1.000,"PEDRONI, NPA300, 321(78) 04/29/8",Included
Experimental,T,217.200,154.800,1.300,"PEDRONI, NPA300, 321(78) 04/29/8",Included
Experimental,T,228.500,134.810,1.320,"CARTER, NPB26, 445(71), PC BUGG",Included
Experimental,T,229.300,134.000,0.900,"PEDRONI, NPA300, 321(78) 04/29/8",Included
Experimental,T,230.900,131.900,1.100,"PEDRONI, NPA300, 321(78) 04/29/8",Included
Experimental,T,243.100,113.900,0.800,"PEDRONI, NPA300, 321(78) 04/29/8",Included
Experimental,T,244.600,111.900,0.900,"PEDRONI, NPA300, 321(78) 04/29/8",Included
Experimental,T,247.500,114.500,2.900,"TROKA, PR144, 1115(66)",Included
Experimental,T,254.100,100.630,0.970,"CARTER, NPB26, 445(71), PC BUGG",Included
Experimental,T,257.000,96.200,1.100,"PEDRONI, NPA300, 321(78) 04/29/8",Included
Experimental,T,258.500,96.600,0.800,"PEDRONI, NPA300, 321(78) 04/29/8",Included
Experimental,T,270.800,84.300,0.600,"PEDRONI, NPA300, 321(78) 04/29/8",Included
Experimental,T,272.300,84.100,0.700,"PEDRONI, NPA300, 321(78) 04/29/8",Included
Experimental,T,282.800,73.820,0.910,"CARTER, NPB26, 445(71), PC BUGG",Included
Experimental,T,284.800,73.800,0.500,"PEDRONI, NPA300, 321(78) 04/29/8",Included
Experimental,T,298.000,64.310,-0.180,"DAVIDSON, PRD6, 1199(72) 04/21/8",Deleted from Analyses (07/19/98)
Experimental,T,299.000,64.700,0.400,"PEDRONI, NPA300, 321(78) 04/29/8",Included
Experimental,T,310.000,60.300,-1.200,"BIZARD, NCA44, 999(66)",Deleted from Analyses (05/16/86)
Experimental,T,313.000,57.400,0.400,"PEDRONI, NPA300, 321(78) 04/29/8",Included
Experimental,T,317.000,55.860,-0.200,"DAVIDSON, PRD6, 1199(72) 04/21/8",Deleted from Analyses (07/19/98)
Experimental,T,318.000,58.920,-1.160,"BIZARD, NCA44, 999(66)",Deleted from Analyses (05/16/86)
Experimental,T,327.000,51.000,0.300,"PEDRONI, NPA300, 321(78) 04/29/8",Included
Experimental,T,336.100,46.630,-0.140,"DAVIDSON, PRD6, 1199(72) 04/21/8",Deleted from Analyses (07/19/98)
Experimental,T,341.200,45.800,0.300,"PEDRONI, NPA300, 321(78) 04/29/8",Included
Experimental,T,345.000,41.230,0.900,"CARTER, PR168, 1457(68)",Included
Experimental,T,348.000,45.220,-0.840,"BIZARD, NCA44, 999(66)",Deleted from Analyses (05/16/86)
Experimental,T,355.200,41.400,0.300,"PEDRONI, NPA300, 321(78) 04/29/8",Included
Experimental,T,355.700,40.810,-0.160,"DAVIDSON, PRD6, 1199(72) 04/21/8",Deleted from Analyses (07/19/98)
Experimental,T,368.000,40.690,-0.740,"BIZARD, NCA44, 999(66)",Deleted from Analyses (05/16/86)
Experimental,T,369.000,35.320,0.750,"CARTER, PR168, 1457(68)",Included
Experimental,T,369.400,37.800,0.300,"PEDRONI, NPA300, 321(78) 04/29/8",Included
Experimental,T,370.000,39.300,-0.800,"BIZARD, NCA44, 999(66)",Deleted from Analyses (05/16/86)
Experimental,T,374.700,35.920,-0.160,"DAVIDSON, PRD6, 1199(72) 04/21/8",Deleted from Analyses (07/19/98)
Experimental,T,391.100,31.150,0.600,"CARTER, PR168, 1457(68)",Included
Experimental,T,394.000,31.900,-0.130,"DAVIDSON, PRD6, 1199(72) 04/21/8",Deleted from Analyses (07/19/98)
Experimental,T,398.000,34.580,-0.640,"BIZARD, NCA44, 999(66)",Deleted from Analyses (05/16/86)
Experimental,T,410.000,31.400,-0.800,"BIZARD, NCA44, 999(66)",Deleted from Analyses (05/16/86)
Experimental,T,413.400,29.020,-0.090,"DAVIDSON, PRD6, 1199(72) 04/21/8",Deleted from Analyses (07/19/98)
Experimental,T,418.000,29.040,-0.550,"BIZARD, NCA44, 999(66)",Deleted from Analyses (05/16/86)
Experimental,T,418.200,27.110,0.550,"CARTER, PR168, 1457(68)",Included
Experimental,T,432.700,26.250,-0.070,"DAVIDSON, PRD6, 1199(72) 04/21/8",Deleted from Analyses (07/19/98)
Experimental,T,438.000,26.530,-0.520,"BIZARD, NCA44, 999(66)",Deleted from Analyses (05/16/86)
Experimental,T,442.400,24.360,0.420,"CARTER, PR168, 1457(68)",Included
Experimental,T,450.000,25.700,-0.500,"BIZARD, NCA44, 999(66)",Deleted from Analyses (05/16/86)
Experimental,T,452.200,23.330,-0.110,"DAVIDSON, PRD6, 1199(72) 04/21/8",Deleted from Analyses (07/19/98)
Experimental,T,458.000,23.790,-0.840,"BIZARD, NCA44, 999(66)",Deleted from Analyses (05/16/86)
Experimental,T,470.600,21.450,0.380,"CARTER, PR168, 1457(68)",Included
Experimental,T,471.500,21.300,-0.190,"DAVIDSON, PRD6, 1199(72) 04/21/8",Deleted from Analyses (07/19/98)
Experimental,T,478.000,22.230,-0.780,"BIZARD, NCA44, 999(66)",Deleted from Analyses (05/16/86)
Experimental,T,490.000,21.500,-0.700,"BIZARD, NCA44, 999(66)",Deleted from Analyses (05/16/86)
Experimental,T,490.000,19.750,-0.100,"DAVIDSON, PRD6, 1199(72) 04/21/8",Deleted from Analyses (07/19/98)
Experimental,T,495.000,19.500,0.400,"BAILLON, NPB105, 365(76)",Included
Experimental,T,497.000,23.800,-1.100,"DEVLIN, PRL14, 1031(65)",Deleted from Analyses (05/04/86)
Experimental,T,500.800,18.950,0.270,"CARTER, PR168, 1457(68)",Included
Experimental,T,507.700,18.110,-0.070,"DAVIDSON, PRD6, 1199(72) 04/21/8",Deleted from Analyses (07/19/98)
Experimental,T,508.000,19.370,-0.530,"BIZARD, NCA44, 999(66)",Deleted from Analyses (05/16/86)
Experimental,T,525.000,20.340,-0.500,"STERLING CEA R2838(66)",Deleted from Analyses (05/04/86)
Experimental,T,525.200,16.930,-0.080,"DAVIDSON, PRD6, 1199(72) 04/21/8",Deleted from Analyses (07/19/98)
Experimental,T,529.200,17.110,0.240,"CARTER, PR168, 1457(68)",Included
Experimental,T,533.000,18.100,-0.700,"BIZARD, NCA44, 999(66)",Deleted from Analyses (05/16/86)
Experimental,T,543.000,15.960,-0.080,"DAVIDSON, PRD6, 1199(72) 04/21/8",Deleted from Analyses (07/19/98)
Experimental,T,558.000,14.930,-0.410,"BIZARD, NCA44, 999(66)",Deleted from Analyses (05/16/86)
Experimental,T,559.500,16.010,0.220,"CARTER, PR168, 1457(68)",Included
Experimental,T,561.500,14.950,-0.100,"DAVIDSON, PRD6, 1199(72) 04/21/8",Deleted from Analyses (07/19/98)
Experimental,T,579.200,14.460,-0.160,"DAVIDSON, PRD6, 1199(72) 04/21/8",Deleted from Analyses (07/19/98)
Experimental,T,580.000,16.200,-0.800,"BIZARD, NCA44, 999(66)",Deleted from Analyses (05/16/86)
Experimental,T,585.000,15.160,0.210,"CARTER, PR168, 1457(68)",Included
Experimental,T,596.000,18.600,-1.000,"DEVLIN, PRL14, 1031(65)",Deleted from Analyses (05/04/86)
Experimental,T,596.700,14.120,-0.090,"DAVIDSON, PRD6, 1199(72) 04/21/8",Deleted from Analyses (07/19/98)
Experimental,T,600.000,15.700,-0.600,"BIZARD, NCA44, 999(66)",Deleted from Analyses (05/16/86)
Experimental,T,603.700,15.000,0.210,"CARTER, PR168, 1457(68)",Included